id,author,body,score,parent_id,created_utc,flairs,url,depth,status,humor_score
m5m2hxa,nfl_gdt_bot,[Postgame thread](/r/nfl/comments/1hulhgz/post_game_thread_kansas_city_chiefs_at_denver/),1,t3_1huga3x,1736121970.0,:NFL: NFL,https://www.reddit.com/r/nfl/comments/1huga3x/game_thread_kansas_city_chiefs_151_at_denver/,0,active,
m5m2lr3,Sooperballz,haha,2,t1_m5m2hxa,1736122005.0,:Bills:Bills,https://www.reddit.com/r/nfl/comments/1huga3x/game_thread_kansas_city_chiefs_151_at_denver/,1,active,
m5lbxcr,Littlegreenman42,Broncos uniform choice sealed it before the game even started. No way you can lose in those jersrys,122,t3_1huga3x,1736113623.0,:Bengals: Bengals,https://www.reddit.com/r/nfl/comments/1huga3x/game_thread_kansas_city_chiefs_151_at_denver/,0,active,
m5lbznr,IA_Royalty,They're just so damn good,28,t1_m5lbxcr,1736113642.0,:Broncos: Broncos,https://www.reddit.com/r/nfl/comments/1huga3x/game_thread_kansas_city_chiefs_151_at_denver/,1,active,
m5lewj9,MorseMooseGreyGoose,One of my favorite jersey/helmet combos of all time. I hated when they made the switch.,6,t1_m5lbznr,1736114506.0,:Texans: Texans,https://www.reddit.com/r/nfl/comments/1huga3x/game_thread_kansas_city_chiefs_151_at_denver/,2,active,
m5lekde,M4rv3lF4n,Look up their Super Bowl record when wearing orange uniforms lol,3,t1_m5lbxcr,1736114406.0,:Broncos: Broncos,https://www.reddit.com/r/nfl/comments/1huga3x/game_thread_kansas_city_chiefs_151_at_denver/,1,active,
m5lpn59,Ralphie_is_bae,This ain't the super bowl tho,3,t1_m5lekde,1736117775.0,:Broncos: Broncos,https://www.reddit.com/r/nfl/comments/1huga3x/game_thread_kansas_city_chiefs_151_at_denver/,1,active,
m5l8r3n,ElmTreeJuice,"Those Denver uniforms are some of the best looking uniforms ever made 

  
That color combination is so clean",84,t3_1huga3x,1736112693.0,:Bills:Bills,https://www.reddit.com/r/nfl/comments/1huga3x/game_thread_kansas_city_chiefs_151_at_denver/,0,active,
m5l8ua3,Good_Okay123,Should have been their main uniforms.,20,t1_m5l8r3n,1736112718.0,:Chiefs: Chiefs,https://www.reddit.com/r/nfl/comments/1huga3x/game_thread_kansas_city_chiefs_151_at_denver/,1,active,
m5lykyu,Sparky-air,"Should have been for the last 30 years. The 2000s and 2010s were mid af

Our midnight blue alternates this year are fire though",3,t1_m5l8ua3,1736120687.0,,https://www.reddit.com/r/nfl/comments/1huga3x/game_thread_kansas_city_chiefs_151_at_denver/,2,active,
m5l8v14,wbaker18,Really wish these were the defaults. Beautiful uniform matchup,9,t1_m5l8r3n,1736112724.0,:Chiefs: Chiefs,https://www.reddit.com/r/nfl/comments/1huga3x/game_thread_kansas_city_chiefs_151_at_denver/,1,active,1
m5l911h,TDenverFan,"I don't hate the new unis, but I do wish they'd go back to the royal blue. Navy/orange is so overdone",7,t1_m5l8r3n,1736112772.0,:Broncos: Broncos,https://www.reddit.com/r/nfl/comments/1huga3x/game_thread_kansas_city_chiefs_151_at_denver/,1,active,2
m5l8xcz,Due-Meal-8760,"Denver‚Äôs throwbacks have gotta be top 3 cleanest uni‚Äôs, right?",73,t3_1huga3x,1736112743.0,:Bengals: Bengals,https://www.reddit.com/r/nfl/comments/1huga3x/game_thread_kansas_city_chiefs_151_at_denver/,0,active,3
m5l92vp,KirbyBucketts,They should be our regular again,27,t1_m5l8xcz,1736112787.0,:Broncos: Broncos,https://www.reddit.com/r/nfl/comments/1huga3x/game_thread_kansas_city_chiefs_151_at_denver/,1,active,4
m5l9gsb,Omniposting,"I started watching in the 97 season (great choice) and remember always thinking the new at-the-time jerseys were so much better than the ""hideous"" 80s jerseys, but as time goes by retro keeps looking better and better",2,t1_m5l8xcz,1736112899.0,:Broncos: Broncos,https://www.reddit.com/r/nfl/comments/1huga3x/game_thread_kansas_city_chiefs_151_at_denver/,1,active,5
m5n41bm,lemonchicken91,"Funny i feel that way about to non orange astros.

Also the texans should wear the battle red most of the year if not in white",1,t1_m5l9gsb,1736134522.0,:Texans: Texans :Saints: Saints,https://www.reddit.com/r/nfl/comments/1huga3x/game_thread_kansas_city_chiefs_151_at_denver/,1,active,6
m5lln95,XAfricaSaltX,Butker being too far left is a nice change of pace,56,t3_1huga3x,1736116553.0,:Broncos: Broncos,https://www.reddit.com/r/nfl/comments/1huga3x/game_thread_kansas_city_chiefs_151_at_denver/,0,active,7
m5lm0yi,siguel_manchez,Nice,5,t1_m5lln95,1736116668.0,:Broncos: Broncos,https://www.reddit.com/r/nfl/comments/1huga3x/game_thread_kansas_city_chiefs_151_at_denver/,1,active,8
m5llqif,NOTUgglaGOAT,"Every time Butker misses, a woman gets her college degree",98,t3_1huga3x,1736116580.0,:Panthers: Panthers,https://www.reddit.com/r/nfl/comments/1huga3x/game_thread_kansas_city_chiefs_151_at_denver/,0,active,9
m5lvo6h,holy-frusciante,Bravo.,4,t1_m5llqif,1736119728.0,:Chiefs: Chiefs,https://www.reddit.com/r/nfl/comments/1huga3x/game_thread_kansas_city_chiefs_151_at_denver/,1,active,10
m5lnrpp,TDenverFan,"Obviously the Chiefs are resting people, but I'm glad Denver came out with energy, knew the stakes, and didn't play down knowing it's against 2nd stringers.",41,t3_1huga3x,1736117199.0,:Broncos: Broncos,https://www.reddit.com/r/nfl/comments/1huga3x/game_thread_kansas_city_chiefs_151_at_denver/,0,active,2
m5loi40,grandladdydonglegs,Good teams are supposed to whoop 2nd stringers.,3,t1_m5lnrpp,1736117423.0,:Broncos: Broncos,https://www.reddit.com/r/nfl/comments/1huga3x/game_thread_kansas_city_chiefs_151_at_denver/,1,active,3
m5lo4kk,AesirVanir,I fully expect Sean and Andy to get on the same page in the 2nd half and we'll see full pre-season mode out there.,3,t1_m5lnrpp,1736117309.0,:Chiefs: Chiefs,https://www.reddit.com/r/nfl/comments/1huga3x/game_thread_kansas_city_chiefs_151_at_denver/,1,active,4
m5lpw9m,TDenverFan,"Yeah, neither team wants injuries here. Depth players (on the Chief's side) could wind up needing to step in in the playoffs (and obviously not everyone on the field is a pure backup), and you also have no reason to tip your hand strategically or schematically in a game like this. If you have a cool trick play dialed up, save it for the playoffs.",3,t1_m5lo4kk,1736117851.0,:Broncos: Broncos,https://www.reddit.com/r/nfl/comments/1huga3x/game_thread_kansas_city_chiefs_151_at_denver/,1,active,5
m5lo5rt,MojoPinSin,There's a whole other half. Should never celebrate till the last whistle.,0,t1_m5lnrpp,1736117319.0,:NFL: NFL,https://www.reddit.com/r/nfl/comments/1huga3x/game_thread_kansas_city_chiefs_151_at_denver/,1,active,6
m5m2qt5,dend7369,Man. Everyone in here talking shit that we didn‚Äôt earn this blah blah not realizing that we haven‚Äôt been to the playoffs in 8 years. WE DONT GIVE A FUCK! PLAYOFFS BABY!!!,44,t3_1huga3x,1736122051.0,:Broncos: Broncos,https://www.reddit.com/r/nfl/comments/1huga3x/game_thread_kansas_city_chiefs_151_at_denver/,0,active,7
m5m47le,reddof,Take the shit talk and enjoy. It means you're doing well.,13,t1_m5m2qt5,1736122529.0,:Chiefs: Chiefs :Packers: Packers,https://www.reddit.com/r/nfl/comments/1huga3x/game_thread_kansas_city_chiefs_151_at_denver/,1,active,8
m5m3m7q,Drewqt,Idk how people can say that after Denver has rallied through the 2nd half of the season. Nix is a legitimate threat. GL in Buffalo boyos.,11,t1_m5m2qt5,1736122335.0,:Chiefs: Chiefs :Chiefs: Chiefs,https://www.reddit.com/r/nfl/comments/1huga3x/game_thread_kansas_city_chiefs_151_at_denver/,1,active,9
m5m819l,JDDriver724,As a bills fan I'm def worried. Denver is a pretty complete team. I'm just glad we're home where we're undefeated this year and everyone is relatively healthy for the first time.,5,t1_m5m3m7q,1736123774.0,,https://www.reddit.com/r/nfl/comments/1huga3x/game_thread_kansas_city_chiefs_151_at_denver/,2,active,10
m5m3dff,palinsafterbirth,Strut your hoofs King,6,t1_m5m2qt5,1736122256.0,:Giants: Giants,https://www.reddit.com/r/nfl/comments/1huga3x/game_thread_kansas_city_chiefs_151_at_denver/,1,active,
m5lmc4t,Dally68,"Chris Colinsworth is somewhere yelling ""that reminds me of a guy I know -- Patrick Mahomes!""",41,t3_1huga3x,1736116762.0,:Broncos: Broncos,https://www.reddit.com/r/nfl/comments/1huga3x/game_thread_kansas_city_chiefs_151_at_denver/,0,active,
m5lmier,TDenverFan,"In this instance, if he compared it to Kelce it would be justifiable",1,t1_m5lmc4t,1736116815.0,:Broncos: Broncos,https://www.reddit.com/r/nfl/comments/1huga3x/game_thread_kansas_city_chiefs_151_at_denver/,1,active,
m5lv3l8,dontlookathis,"Are the bills worried? The broncos are dad dicking the 1 seed chiefs and the bills lost to who should of had the number pick. 

Find out next on first take",39,t3_1huga3x,1736119541.0,:Chiefs: Chiefs,https://www.reddit.com/r/nfl/comments/1huga3x/game_thread_kansas_city_chiefs_151_at_denver/,0,active,
m5lvfqs,XrayGuy08,"I mean, this is all KC backups.  And means absolutely nothing.  Also, what time did they arrive in Denver?  I don‚Äôt see Denver beating buffalo on the road.",4,t1_m5lv3l8,1736119652.0,:Broncos: Broncos,https://www.reddit.com/r/nfl/comments/1huga3x/game_thread_kansas_city_chiefs_151_at_denver/,1,active,
m5lvl9k,dontlookathis,"Yeah i know but first take will have it open the show. Lol


I think you guys have a chance. Your defense is good and might win a nail biter 34-31",5,t1_m5lvfqs,1736119702.0,:Chiefs: Chiefs,https://www.reddit.com/r/nfl/comments/1huga3x/game_thread_kansas_city_chiefs_151_at_denver/,1,active,
m5lvs38,XrayGuy08,Naw. We won‚Äôt win a shootout.  Gotta have the defense dominate and keep buffalo around 17-20 tops.  Could it happen?  Yes. Will it? I don‚Äôt think so.,1,t1_m5lvl9k,1736119763.0,:Broncos: Broncos,https://www.reddit.com/r/nfl/comments/1huga3x/game_thread_kansas_city_chiefs_151_at_denver/,1,active,
m5lvx3u,dontlookathis,Idk i think there is a chance. Allen has been amazing but i could just see a 3 interception game and your corners locking them down.,1,t1_m5lvs38,1736119809.0,:Chiefs: Chiefs,https://www.reddit.com/r/nfl/comments/1huga3x/game_thread_kansas_city_chiefs_151_at_denver/,1,active,
m5lvzyy,XrayGuy08,Don‚Äôt we all hope for that? Haha.  Sounds like a perfect game for a PS2 pick six.,2,t1_m5lvx3u,1736119835.0,:Broncos: Broncos,https://www.reddit.com/r/nfl/comments/1huga3x/game_thread_kansas_city_chiefs_151_at_denver/,1,active,
m5lx0vm,dontlookathis,"Or 2 lol i think it will be a better match up because 
1. You have the better defense 
2. You have the better head coach

You are just going against allen tho",2,t1_m5lvzyy,1736120175.0,:Chiefs: Chiefs,https://www.reddit.com/r/nfl/comments/1huga3x/game_thread_kansas_city_chiefs_151_at_denver/,1,active,
m5lvjii,tip_all_landlords,I mean the chiefs aren‚Äôt starting very many defense starters are they?,2,t1_m5lv3l8,1736119686.0,:49ers: 49ers ,https://www.reddit.com/r/nfl/comments/1huga3x/game_thread_kansas_city_chiefs_151_at_denver/,1,active,
m5lvpdp,dontlookathis,No they aren‚Äôt but that wont matter for talking points,5,t1_m5lvjii,1736119738.0,:Chiefs: Chiefs,https://www.reddit.com/r/nfl/comments/1huga3x/game_thread_kansas_city_chiefs_151_at_denver/,1,active,
m5lv9wl,PilgrimInGrey,Not the first time Broncos did this to Chiefs this season.,1,t1_m5lv3l8,1736119599.0,:49ers: 49ers,https://www.reddit.com/r/nfl/comments/1huga3x/game_thread_kansas_city_chiefs_151_at_denver/,1,active,
m5lvcwz,dontlookathis,All that matters is the win,2,t1_m5lv9wl,1736119627.0,:Chiefs: Chiefs,https://www.reddit.com/r/nfl/comments/1huga3x/game_thread_kansas_city_chiefs_151_at_denver/,1,active,
m5lmab2,optimizingutils,Rule of cool should apply here.,29,t3_1huga3x,1736116747.0,:Eagles: Eagles,https://www.reddit.com/r/nfl/comments/1huga3x/game_thread_kansas_city_chiefs_151_at_denver/,0,active,
m5lmjps,blue_bandwagon,i guarantee you did not say this when kelce lateraled last year vs. the bills.,1,t1_m5lmab2,1736116826.0,:Chiefs: Chiefs,https://www.reddit.com/r/nfl/comments/1huga3x/game_thread_kansas_city_chiefs_151_at_denver/,1,active,
m5ln2qn,optimizingutils,I'm pretty sure that's how I felt but this is also a very different situation (a game that is functionally meaningless for the Chiefs).,1,t1_m5lmjps,1736116987.0,:Eagles: Eagles,https://www.reddit.com/r/nfl/comments/1huga3x/game_thread_kansas_city_chiefs_151_at_denver/,1,active,
m5m0ms7,flaming_fuckhead,Well I think it‚Äôs safe to say nobody earned themselves a starting job today,32,t3_1huga3x,1736121356.0,:Chiefs: Chiefs,https://www.reddit.com/r/nfl/comments/1huga3x/game_thread_kansas_city_chiefs_151_at_denver/,0,active,
m5m0s12,Disgruntled_Lemming,0 INT game? Carson Wentz YOU are a Vegas Raider!,19,t1_m5m0ms7,1736121403.0,:Broncos: Broncos,https://www.reddit.com/r/nfl/comments/1huga3x/game_thread_kansas_city_chiefs_151_at_denver/,1,active,
m5m2z4s,Mahyay,Yeah because they weren‚Äôt trying to play football at any point. Intentionally lost,0,t1_m5m0ms7,1736122127.0,:Bengals: Bengals,https://www.reddit.com/r/nfl/comments/1huga3x/game_thread_kansas_city_chiefs_151_at_denver/,1,active,
m5mp5tp,jbvcftyjnbhkku,womp womp maybe win the games on your schedule so this cant happen,3,t1_m5m2z4s,1736129488.0,:Chiefs: Chiefs,https://www.reddit.com/r/nfl/comments/1huga3x/game_thread_kansas_city_chiefs_151_at_denver/,1,active,
m5o8jds,J0E_SpRaY,"If it keeps triggering y‚Äôall I wish it were true. 

Your sub is priceless right now. Mythic copium.",1,t1_m5m2z4s,1736155272.0,:Chiefs: Chiefs,https://www.reddit.com/r/nfl/comments/1huga3x/game_thread_kansas_city_chiefs_151_at_denver/,1,active,
m5kuivj,Donutman97,"Zach Wilson out? sorry broncos, maybe next season",28,t3_1huga3x,1736108668.0,:Chiefs: Chiefs,https://www.reddit.com/r/nfl/comments/1huga3x/game_thread_kansas_city_chiefs_151_at_denver/,0,active,
m5kupgf,Dangerous_Spirit7034,Fuck man that‚Äôs it‚Äôs pack it up there‚Äôs no hope for the Sean Payton led broncos,6,t1_m5kuivj,1736108721.0,:Ravens: Ravens,https://www.reddit.com/r/nfl/comments/1huga3x/game_thread_kansas_city_chiefs_151_at_denver/,1,active,
m5lec02,symbolasthat,"Someone is face down, lifeless on the ground

Nantz: ‚Äúhe‚Äôs shaken up‚Äù",27,t3_1huga3x,1736114337.0,:Chiefs: Chiefs,https://www.reddit.com/r/nfl/comments/1huga3x/game_thread_kansas_city_chiefs_151_at_denver/,0,active,
m5levq8,Los_Estupidos,He rolled over face up by himself,1,t1_m5lec02,1736114500.0,:Broncos: Broncos,https://www.reddit.com/r/nfl/comments/1huga3x/game_thread_kansas_city_chiefs_151_at_denver/,1,active,
m5lgc0n,ChiliHobbes,Why would the broncos give a fuck about the miami game?,25,t3_1huga3x,1736114937.0,:Bills: Bills ,https://www.reddit.com/r/nfl/comments/1huga3x/game_thread_kansas_city_chiefs_151_at_denver/,0,active,
m5lglpf,drj311,They don‚Äôt,7,t1_m5lgc0n,1736115020.0,:Chiefs: Chiefs,https://www.reddit.com/r/nfl/comments/1huga3x/game_thread_kansas_city_chiefs_151_at_denver/,1,active,
m5lj1xh,BJYeti,"We were wondering that also, this game is the only one that matters to them",3,t1_m5lgc0n,1736115767.0,,https://www.reddit.com/r/nfl/comments/1huga3x/game_thread_kansas_city_chiefs_151_at_denver/,1,active,
m5lodyv,autumn_ghosts5,Broncos ü§ù Chiefs trolling tantrum throwing Bengals fans,28,t3_1huga3x,1736117389.0,:Broncos: Broncos,https://www.reddit.com/r/nfl/comments/1huga3x/game_thread_kansas_city_chiefs_151_at_denver/,0,active,
m5loo43,ZweihanderMasterrace,No one picks on our AFCW little bros! üò§,6,t1_m5lodyv,1736117475.0,:Chiefs: Chiefs ,https://www.reddit.com/r/nfl/comments/1huga3x/game_thread_kansas_city_chiefs_151_at_denver/,1,active,
m5lv9vu,flaming_fuckhead,"You know what Denver genuinely congrats. 10-7 is way above what I think anybody would‚Äôve expected and you‚Äôre clearly way ahead of schedule.

Still think the Bills are going to eat your lunch next week though",28,t3_1huga3x,1736119599.0,:Chiefs: Chiefs,https://www.reddit.com/r/nfl/comments/1huga3x/game_thread_kansas_city_chiefs_151_at_denver/,0,active,2
m5lvgir,Grandma_Swamp,They most certainly will but I don‚Äôt give a fuck I will gladly watch us get smacked 70-3 because we finally made the fucking playoffs,8,t1_m5lv9vu,1736119659.0,:Broncos: Broncos,https://www.reddit.com/r/nfl/comments/1huga3x/game_thread_kansas_city_chiefs_151_at_denver/,1,active,3
m5lvscf,Personal-Finance-943,"House money at this point. 20% of our cap is going to Russ this year, the fact we made the playoffs is so much better than I could have expected.",7,t1_m5lv9vu,1736119765.0,:Broncos: Broncos,https://www.reddit.com/r/nfl/comments/1huga3x/game_thread_kansas_city_chiefs_151_at_denver/,1,active,4
m5lvqat,Brock_Lobstweiler,"We were supposed to be a 4 win team, so this is fucking awesome. One blocked kick from sweeping the Chiefs and a REALLY weird OT from being 11-6.",5,t1_m5lv9vu,1736119746.0,:Broncos: Broncos,https://www.reddit.com/r/nfl/comments/1huga3x/game_thread_kansas_city_chiefs_151_at_denver/,1,active,5
m5lvpe2,Spatial_Awareness_,I actually had them in 2nd place on my preseason picks.. one win above chargers.  I knew their defense is still very very good and bo just had to be average to have them competing for a WC. I was nearly spot on with the AFC playoffs.. except I had Bengals instead of Steelers... Didn't see their massive choke this season.,3,t1_m5lv9vu,1736119738.0,:Chiefs: Chiefs,https://www.reddit.com/r/nfl/comments/1huga3x/game_thread_kansas_city_chiefs_151_at_denver/,1,active,6
m5lvtur,Disgruntled_Lemming,"I am fully expecting this, my highest realistic hope is that we make it a good game.",2,t1_m5lv9vu,1736119779.0,:Broncos: Broncos,https://www.reddit.com/r/nfl/comments/1huga3x/game_thread_kansas_city_chiefs_151_at_denver/,1,active,7
m5lvs3j,Content-Assistant849,We all think that we will get brutalized by Buffalo next game. Our expectations are low  but that just means there's a lot of room to be surprised.,1,t1_m5lv9vu,1736119763.0,:Broncos: Broncos,https://www.reddit.com/r/nfl/comments/1huga3x/game_thread_kansas_city_chiefs_151_at_denver/,1,active,8
m5lvyml,LameRedditName1,"They very well might, but it'll be better than the Steelers play.",1,t1_m5lv9vu,1736119823.0,:Broncos: Broncos,https://www.reddit.com/r/nfl/comments/1huga3x/game_thread_kansas_city_chiefs_151_at_denver/,1,active,9
m5lwdkg,chemengineer2,About 6 more wins than most media gave us credit for to start the year,1,t1_m5lv9vu,1736119960.0,:Broncos: Broncos,https://www.reddit.com/r/nfl/comments/1huga3x/game_thread_kansas_city_chiefs_151_at_denver/,1,active,10
m5lvj0y,Wise-Pitch474,Buffalo just lost to New England. They wont make it far in playoffs,-4,t1_m5lv9vu,1736119682.0,,https://www.reddit.com/r/nfl/comments/1huga3x/game_thread_kansas_city_chiefs_151_at_denver/,1,active,
m5lwhl3,chemengineer2,Hopefully Trubisky starts next week,1,t1_m5lvj0y,1736119999.0,:Broncos: Broncos,https://www.reddit.com/r/nfl/comments/1huga3x/game_thread_kansas_city_chiefs_151_at_denver/,1,active,
m5lx2f5,Uncle_Benny15,CBS doesn't care about Broncos fans wanting to see their team make the playoffs for the first time in like 9 years apparently,27,t3_1huga3x,1736120189.0,:Broncos: Broncos,https://www.reddit.com/r/nfl/comments/1huga3x/game_thread_kansas_city_chiefs_151_at_denver/,0,active,
m5lx7os,makun,Suits fucked up,5,t1_m5lx2f5,1736120237.0,:Chiefs: Chiefs,https://www.reddit.com/r/nfl/comments/1huga3x/game_thread_kansas_city_chiefs_151_at_denver/,1,active,
m5lx9gd,RogueSpectre749,I'm glad I did the $5 Sunday Ticket deal for today so I can switch to that... What a gigantic fuck you to the average viewer though,4,t1_m5lx2f5,1736120253.0,:Broncos: Broncos,https://www.reddit.com/r/nfl/comments/1huga3x/game_thread_kansas_city_chiefs_151_at_denver/,1,active,
m5lxbpt,palinsafterbirth,Bengals are 18-16 since the Burrowhead statement,28,t3_1huga3x,1736120274.0,:Giants: Giants,https://www.reddit.com/r/nfl/comments/1huga3x/game_thread_kansas_city_chiefs_151_at_denver/,0,active,
m5lxh0n,127crazie,"I misread this as ""Burrowhead Incident"" and want to canonize it that way in my head",8,t1_m5lxbpt,1736120323.0,:Vikings: Vikings,https://www.reddit.com/r/nfl/comments/1huga3x/game_thread_kansas_city_chiefs_151_at_denver/,1,active,
m5lysay,Swarzey,Our point differential is going to be fucking hilarious lmao.,24,t3_1huga3x,1736120754.0,:Chiefs: Chiefs,https://www.reddit.com/r/nfl/comments/1huga3x/game_thread_kansas_city_chiefs_151_at_denver/,0,active,
m5lyync,IA_Royalty,What was it coming in? Still gonna be positive?,3,t1_m5lysay,1736120812.0,:Broncos: Broncos,https://www.reddit.com/r/nfl/comments/1huga3x/game_thread_kansas_city_chiefs_151_at_denver/,1,active,
m5lz5tb,Swarzey,"It was 97 coming into this, so still in the positives but cut right down.",3,t1_m5lyync,1736120877.0,:Chiefs: Chiefs,https://www.reddit.com/r/nfl/comments/1huga3x/game_thread_kansas_city_chiefs_151_at_denver/,1,active,
m5lzb3f,DanFouts,I think it stands at +59 right now,1,t1_m5lz5tb,1736120924.0,:Broncos: Broncos,https://www.reddit.com/r/nfl/comments/1huga3x/game_thread_kansas_city_chiefs_151_at_denver/,1,active,
m5lzhcw,IA_Royalty,Who did you destroy to get to 97? Didn't you win like 12 walkoffs??,1,t1_m5lz5tb,1736120981.0,:Broncos: Broncos,https://www.reddit.com/r/nfl/comments/1huga3x/game_thread_kansas_city_chiefs_151_at_denver/,1,active,
m5m04zi,Swarzey,Few two score wins in the last three weeks helped a lot. Think we only had 5 wins that were either a walkoff FG or a kneel down 3 points or under. The one score games added up.,3,t1_m5lzhcw,1736121196.0,:Chiefs: Chiefs,https://www.reddit.com/r/nfl/comments/1huga3x/game_thread_kansas_city_chiefs_151_at_denver/,1,active,
m5m1uj1,tk_option,The 3 games in 10 day stretch that everyone thought was going to kill us actually pushed our point differential up.,3,t1_m5lzhcw,1736121757.0,:Chiefs: Chiefs,https://www.reddit.com/r/nfl/comments/1huga3x/game_thread_kansas_city_chiefs_151_at_denver/,1,active,
m5kvmob,Templar-Order,Bengals fans rooting harder for the chiefs and jets today then the chiefs and jets fan are üíÄ,20,t3_1huga3x,1736108985.0,:Jets: Jets,https://www.reddit.com/r/nfl/comments/1huga3x/game_thread_kansas_city_chiefs_151_at_denver/,0,active,
m5lbt78,Otherwise-Contest7,Here with my bi-annual reminder that the Broncos need to make their throwbacks their primary jerseys.,21,t3_1huga3x,1736113589.0,:Vikings: Vikings,https://www.reddit.com/r/nfl/comments/1huga3x/game_thread_kansas_city_chiefs_151_at_denver/,0,active,
m5lbxu2,ConsistentBuddy9477,They‚Äôre fire,3,t1_m5lbt78,1736113627.0,:Panthers: Panthers :49ers: 49ers,https://www.reddit.com/r/nfl/comments/1huga3x/game_thread_kansas_city_chiefs_151_at_denver/,1,active,
m5lbyni,RockChalk80,1000%,4,t1_m5lbt78,1736113634.0,:Chiefs: Chiefs,https://www.reddit.com/r/nfl/comments/1huga3x/game_thread_kansas_city_chiefs_151_at_denver/,1,active,
m5lecty,kirkismyhinrich,"We need to wear these uniforms every game, and possibly even days where we have no game.",23,t3_1huga3x,1736114344.0,:Broncos: Broncos,https://www.reddit.com/r/nfl/comments/1huga3x/game_thread_kansas_city_chiefs_151_at_denver/,0,active,
m5lf9k6,mattf19,Giving Romo a Chiefs game without Mahomes is like a kid getting excited for Christmas but then not getting any gifts.,22,t3_1huga3x,1736114616.0,:Broncos: Broncos,https://www.reddit.com/r/nfl/comments/1huga3x/game_thread_kansas_city_chiefs_151_at_denver/,0,active,
m5lfuwy,Chrysalii,Not that it stops him from glazing.,4,t1_m5lf9k6,1736114793.0,:Bills: Bills,https://www.reddit.com/r/nfl/comments/1huga3x/game_thread_kansas_city_chiefs_151_at_denver/,1,active,
m5lgg0f,Dannimaru,You really painted a picture here,1,t1_m5lf9k6,1736114971.0,:Chiefs: Chiefs,https://www.reddit.com/r/nfl/comments/1huga3x/game_thread_kansas_city_chiefs_151_at_denver/,1,active,
m5lik1f,Tight_Future_2105,Lol Bengals fans just turn off the TV now.,22,t3_1huga3x,1736115617.0,:Ravens: Ravens ,https://www.reddit.com/r/nfl/comments/1huga3x/game_thread_kansas_city_chiefs_151_at_denver/,0,active,
m5lipnc,BionicleBirb,The Chiefs black magic has been transferred to the Broncos just to screw the Bengals lol,0,t1_m5lik1f,1736115664.0,:Panthers: Panthers,https://www.reddit.com/r/nfl/comments/1huga3x/game_thread_kansas_city_chiefs_151_at_denver/,1,active,
m5ljy6x,alvvavves,Someone tell cbs the dolphins-jets game doesn‚Äôt affect us at all at this point.,23,t3_1huga3x,1736116039.0,:Broncos: Broncos,https://www.reddit.com/r/nfl/comments/1huga3x/game_thread_kansas_city_chiefs_151_at_denver/,0,active,
m5lk7d4,Dena844,"Right? I can't tell if they just keep forgetting or trying to keep interest up. Like, we don't care at all about the Jets/Dolphins outcome",3,t1_m5ljy6x,1736116117.0,:Broncos: Broncos,https://www.reddit.com/r/nfl/comments/1huga3x/game_thread_kansas_city_chiefs_151_at_denver/,1,active,
m5lnvct,alvvavves,"Yeah I could understand if they were giving the updates for bengals fans, but they kept saying ‚Äúbroncos fans might want to watch this one‚Äù or something like that.",2,t1_m5lk7d4,1736117230.0,:Broncos: Broncos,https://www.reddit.com/r/nfl/comments/1huga3x/game_thread_kansas_city_chiefs_151_at_denver/,1,active,
m5lmfeh,superspartan004,It should be legal on the fact that it looked cool,20,t3_1huga3x,1736116790.0,:Lions: Lions :Texans: Texans,https://www.reddit.com/r/nfl/comments/1huga3x/game_thread_kansas_city_chiefs_151_at_denver/,0,active,
m5lmi5f,SilentSamurai,This is my take 100%.,3,t1_m5lmfeh,1736116813.0,:Broncos: Broncos,https://www.reddit.com/r/nfl/comments/1huga3x/game_thread_kansas_city_chiefs_151_at_denver/,1,active,
m5logg1,Los_Estupidos,"Bengals fans: ""DENVER ISN'T GONNA LET US MAKE THE PLAYOFFS?!?!"" üò†üò°ü§¨
 
 
[Me:](https://youtu.be/b3_lVSrPB6w?si=-fWs2EJwNhsPL1PD)",20,t3_1huga3x,1736117410.0,:Broncos: Broncos,https://www.reddit.com/r/nfl/comments/1huga3x/game_thread_kansas_city_chiefs_151_at_denver/,0,active,
m5loqj5,nostradamefrus,"How have I gone my entire life as a known meme enjoyer without seeing this

Thank you so much",6,t1_m5logg1,1736117496.0,:Jets: Jets :Lions: Lions,https://www.reddit.com/r/nfl/comments/1huga3x/game_thread_kansas_city_chiefs_151_at_denver/,1,active,
m5lv1m8,EllJustin,These Broncos unis might be my most favorite in the league.,21,t3_1huga3x,1736119523.0,:Giants: Giants,https://www.reddit.com/r/nfl/comments/1huga3x/game_thread_kansas_city_chiefs_151_at_denver/,0,active,
m5lv4q1,schewbacca,This is the stat pad game of all stat pad games.,23,t3_1huga3x,1736119552.0,:Broncos: Broncos,https://www.reddit.com/r/nfl/comments/1huga3x/game_thread_kansas_city_chiefs_151_at_denver/,0,active,
m5mls7r,driftking428,We should have pulled Nix at 17/17 and 3 TDs.,2,t1_m5lv4q1,1736128372.0,:Broncos: Broncos,https://www.reddit.com/r/nfl/comments/1huga3x/game_thread_kansas_city_chiefs_151_at_denver/,1,active,
m5lwmo5,IID4RTII,I want to watch the Chiefs get shut out I don‚Äôt give a fuck about the raiders,21,t3_1huga3x,1736120045.0,:Bills:Bills,https://www.reddit.com/r/nfl/comments/1huga3x/game_thread_kansas_city_chiefs_151_at_denver/,0,active,
m5lwtkp,Waterisntwett,The rating must‚Äôve been plummeting lol,2,t1_m5lwmo5,1736120108.0,:Packers: Packers,https://www.reddit.com/r/nfl/comments/1huga3x/game_thread_kansas_city_chiefs_151_at_denver/,1,active,
m5lwvka,TwoPlankinWiz,CBS I DIDNT ASK FOR YOUR OPINION ON WHICH GAME IS BETTER,22,t3_1huga3x,1736120126.0,:Broncos: Broncos,https://www.reddit.com/r/nfl/comments/1huga3x/game_thread_kansas_city_chiefs_151_at_denver/,0,active,
m5lyfgf,mmfroid,It‚Äôs been said many times but damn those Denver jerseys are sharp,22,t3_1huga3x,1736120638.0,:Chiefs: Chiefs,https://www.reddit.com/r/nfl/comments/1huga3x/game_thread_kansas_city_chiefs_151_at_denver/,0,active,
m5lyst8,BobbyTables829,"The horse is so much better, the other one looks like it has been pepper sprayed.",4,t1_m5lyfgf,1736120758.0,,https://www.reddit.com/r/nfl/comments/1huga3x/game_thread_kansas_city_chiefs_151_at_denver/,1,active,
m5lzve5,alexp68,Old school from orange crush days‚Ä¶.,3,t1_m5lyfgf,1736121108.0,:Broncos: Broncos,https://www.reddit.com/r/nfl/comments/1huga3x/game_thread_kansas_city_chiefs_151_at_denver/,1,active,
m5m0t8w,mmfroid,My non-Nebraska family in CO had posters and memorabilia with these jerseys all over. Always thought they were really cool,3,t1_m5lzve5,1736121414.0,:Chiefs: Chiefs,https://www.reddit.com/r/nfl/comments/1huga3x/game_thread_kansas_city_chiefs_151_at_denver/,1,active,
m5lyt9f,TechnoFullback,"Reminds of Steve Atwater, one of my favorite players as a kid. Those uniforms are sweet as hell.",3,t1_m5lyfgf,1736120763.0,:Cowboys: Cowboys ,https://www.reddit.com/r/nfl/comments/1huga3x/game_thread_kansas_city_chiefs_151_at_denver/,1,active,
m5lyqb5,MOHTTR,im starting to think the bengals arent making the playoffs.....,21,t3_1huga3x,1736120736.0,:Commanders: Commanders,https://www.reddit.com/r/nfl/comments/1huga3x/game_thread_kansas_city_chiefs_151_at_denver/,0,active,
m5lywyu,flaming_fuckhead,If Mike pence has the courage to do the right thing,5,t1_m5lyqb5,1736120796.0,:Chiefs: Chiefs,https://www.reddit.com/r/nfl/comments/1huga3x/game_thread_kansas_city_chiefs_151_at_denver/,1,active,
m5m2k6e,Mud16,"3 AFCW teams in the playoffs, hilarious the raiders were left out",23,t3_1huga3x,1736121991.0,:Chiefs: Chiefs :Chiefs: Chiefs,https://www.reddit.com/r/nfl/comments/1huga3x/game_thread_kansas_city_chiefs_151_at_denver/,0,active,
m5m2pvs,saanis,Feel bad for teams in that situation. Looks like it‚Äôs them and the Bears,5,t1_m5m2k6e,1736122043.0,:Bengals: Bengals,https://www.reddit.com/r/nfl/comments/1huga3x/game_thread_kansas_city_chiefs_151_at_denver/,1,active,
m5lj03g,Los_Estupidos,I can't believe Bo Nix was able to accurately predict how that ball would be tipped multiple times into the hands of Vele,19,t3_1huga3x,1736115752.0,:Broncos: Broncos,https://www.reddit.com/r/nfl/comments/1huga3x/game_thread_kansas_city_chiefs_151_at_denver/,0,active,
m5lmal6,confusedthrowaway5o5,Rule of cool should prevail here.,19,t3_1huga3x,1736116749.0,:Eagles: Eagles :Ravens: Ravens,https://www.reddit.com/r/nfl/comments/1huga3x/game_thread_kansas_city_chiefs_151_at_denver/,0,active,
m5lrcjb,blocksmith52,This game is gonna make our point differential stat even funnier lol,17,t3_1huga3x,1736118315.0,:Chiefs: Chiefs,https://www.reddit.com/r/nfl/comments/1huga3x/game_thread_kansas_city_chiefs_151_at_denver/,0,active,
m5lrm4p,some_random_noob,"you need to lose by enough that it goes negative for the year, would make your w:l even more confusing.",2,t1_m5lrcjb,1736118400.0,:Bills: Bills,https://www.reddit.com/r/nfl/comments/1huga3x/game_thread_kansas_city_chiefs_151_at_denver/,1,active,
m5lyrnk,Nuclear-Extremist,The Chiefs point differential is gonna be historically bad for a 15 win team,19,t3_1huga3x,1736120748.0,:NFL: NFL,https://www.reddit.com/r/nfl/comments/1huga3x/game_thread_kansas_city_chiefs_151_at_denver/,0,active,
m5lz1b5,bacchusku2,We‚Äôre making history,3,t1_m5lyrnk,1736120836.0,:Chiefs: Chiefs,https://www.reddit.com/r/nfl/comments/1huga3x/game_thread_kansas_city_chiefs_151_at_denver/,1,active,
m5lzawr,joggle1,It'll probably be a very long-lasting record.,1,t1_m5lyrnk,1736120923.0,:Broncos: Broncos,https://www.reddit.com/r/nfl/comments/1huga3x/game_thread_kansas_city_chiefs_151_at_denver/,1,active,
m5lzfu6,redheadartgirl,I feel like it's strategic by the Chiefs because they want Denver in the playoffs.,1,t1_m5lyrnk,1736120967.0,:Chiefs: Chiefs,https://www.reddit.com/r/nfl/comments/1huga3x/game_thread_kansas_city_chiefs_151_at_denver/,1,active,
m5lz183,glockobell,I don‚Äôt give a crap if it‚Äôs the backup. This is cathartic.,20,t3_1huga3x,1736120835.0,:Broncos: Broncos,https://www.reddit.com/r/nfl/comments/1huga3x/game_thread_kansas_city_chiefs_151_at_denver/,0,active,
m5lzd3e,LameRedditName1,I love watching our guys having fun in the last week of the regular season! Much better than week 17 last season with Russ.,2,t1_m5lz183,1736120942.0,:Broncos: Broncos,https://www.reddit.com/r/nfl/comments/1huga3x/game_thread_kansas_city_chiefs_151_at_denver/,1,active,
m5lzqne,thestoebz,At least you guys can beat our third stringers,2,t1_m5lz183,1736121065.0,:Chiefs: Chiefs,https://www.reddit.com/r/nfl/comments/1huga3x/game_thread_kansas_city_chiefs_151_at_denver/,1,active,
m5lmmep,CunderscoreF,"Instead of a Coach's Challenge. Each team should be allowed one ""Rule of Cool"" play per game. Throw your flag, play stands no matter what because it was fucking sweet.",17,t3_1huga3x,1736116849.0,:Bills: Bills,https://www.reddit.com/r/nfl/comments/1huga3x/game_thread_kansas_city_chiefs_151_at_denver/,0,active,
m5lmrvx,MrWinklez,Honestly I could get behind this,1,t1_m5lmmep,1736116895.0,:Chiefs: Chiefs,https://www.reddit.com/r/nfl/comments/1huga3x/game_thread_kansas_city_chiefs_151_at_denver/,1,active,
m5lmy5t,Voltron3030,"I don't think KC has challenged either play reviewed so far.  They just got the first one for free, this is at least under 2 minutes.",1,t1_m5lmmep,1736116948.0,:Broncos: Broncos,https://www.reddit.com/r/nfl/comments/1huga3x/game_thread_kansas_city_chiefs_151_at_denver/,1,active,
m5lnbri,figment1979,I don't ever remember commentators talking about guys getting performance bonuses as much as they have this weekend.,18,t3_1huga3x,1736117063.0,:Patriots: Patriots,https://www.reddit.com/r/nfl/comments/1huga3x/game_thread_kansas_city_chiefs_151_at_denver/,0,active,
m5lng8d,Brock_Lobstweiler,I'd imagine is a natural progression of fantasy and betting.,6,t1_m5lnbri,1736117101.0,:Broncos: Broncos,https://www.reddit.com/r/nfl/comments/1huga3x/game_thread_kansas_city_chiefs_151_at_denver/,1,active,1
m5lnmz4,OldDirtyMan,DOGSHIT clock management. why are NFL teams soo fucking bad at this shit?!,17,t3_1huga3x,1736117158.0,:Broncos: Broncos,https://www.reddit.com/r/nfl/comments/1huga3x/game_thread_kansas_city_chiefs_151_at_denver/,0,active,2
m5lo33j,Booplympics,"It‚Äôs been said before but nfl teams need to hire some
15 year old madden pro just to manage the clock.",3,t1_m5lnmz4,1736117296.0,:Eagles: Eagles,https://www.reddit.com/r/nfl/comments/1huga3x/game_thread_kansas_city_chiefs_151_at_denver/,1,active,3
m5lohko,OldDirtyMan,I honestly could do a better job. Im not even kidding. They are all beyond horrific.,1,t1_m5lo33j,1736117419.0,:Broncos: Broncos,https://www.reddit.com/r/nfl/comments/1huga3x/game_thread_kansas_city_chiefs_151_at_denver/,1,active,4
m5loo0s,Ancient_Wisdom_Yall,That made no sense to me.,1,t1_m5lnmz4,1736117475.0,:Chiefs: Chiefs,https://www.reddit.com/r/nfl/comments/1huga3x/game_thread_kansas_city_chiefs_151_at_denver/,1,active,5
m5lp08u,Ok-Border1269,Imagine Chiefs come back and win 27-24 and all the Bengals fans lose it and go crazy only for Dolphins to kick a game winning field goal 5 minutes later,19,t3_1huga3x,1736117578.0,:Broncos: Broncos,https://www.reddit.com/r/nfl/comments/1huga3x/game_thread_kansas_city_chiefs_151_at_denver/,0,active,6
m5lplrs,InThe305,Thanks for planting this idea in my brain. Now I‚Äôm going to be even more upset.,7,t1_m5lp08u,1736117763.0,:Dolphins: Dolphins,https://www.reddit.com/r/nfl/comments/1huga3x/game_thread_kansas_city_chiefs_151_at_denver/,1,active,7
m5lp7yk,TallEnoughJones,Par for the course,3,t1_m5lp08u,1736117644.0,:Bengals: Bengals :Bengals: Bengals,https://www.reddit.com/r/nfl/comments/1huga3x/game_thread_kansas_city_chiefs_151_at_denver/,1,active,8
m5lp730,formyamusementation,Best case scenario as far as I‚Äôm concerned.  üòÄ,2,t1_m5lp08u,1736117636.0,:Chiefs: Chiefs,https://www.reddit.com/r/nfl/comments/1huga3x/game_thread_kansas_city_chiefs_151_at_denver/,1,active,9
m5lno7e,ajelzrulez,If the fucking Chiefs are only the second team to drop a donut this year people are gonna lose their minds lmao,18,t3_1huga3x,1736117168.0,:Vikings: Vikings,https://www.reddit.com/r/nfl/comments/1huga3x/game_thread_kansas_city_chiefs_151_at_denver/,0,active,10
m5lolbm,Ancient_Wisdom_Yall,Really tanking our net points to add to the narrative.,3,t1_m5lno7e,1736117451.0,:Chiefs: Chiefs,https://www.reddit.com/r/nfl/comments/1huga3x/game_thread_kansas_city_chiefs_151_at_denver/,1,active,1
m5lntx3,fizystrings,They are just charging up their points for the playoffs,3,t1_m5lno7e,1736117218.0,:Bengals: Bengals :Vikings: Vikings,https://www.reddit.com/r/nfl/comments/1huga3x/game_thread_kansas_city_chiefs_151_at_denver/,1,active,2
m5lp8lj,shewy92,"RIP Mayo.

Why did they announce that like he died lol",17,t3_1huga3x,1736117649.0,:Eagles: Eagles :Eagles: Eagles,https://www.reddit.com/r/nfl/comments/1huga3x/game_thread_kansas_city_chiefs_151_at_denver/,0,active,3
m5lpiqk,Acting_Appalled,Breaking news: Jerod Mayo's coaching career has tragically died,3,t1_m5lp8lj,1736117737.0,:Broncos: Broncos,https://www.reddit.com/r/nfl/comments/1huga3x/game_thread_kansas_city_chiefs_151_at_denver/,1,active,4
m5lpccj,tnick771,I walked in the room as they were showing that and was VERY confused lol,2,t1_m5lp8lj,1736117682.0,:Broncos: Broncos,https://www.reddit.com/r/nfl/comments/1huga3x/game_thread_kansas_city_chiefs_151_at_denver/,1,active,5
m5lprl2,shewy92,"I wasn't paying attention and heard ""breaking news"" and a dude's somber sounding voice and was so concerned at first lol",1,t1_m5lpccj,1736117812.0,:Eagles: Eagles :Eagles: Eagles,https://www.reddit.com/r/nfl/comments/1huga3x/game_thread_kansas_city_chiefs_151_at_denver/,1,active,6
m5lre56,Goldencrane1217,This game could have been an email,15,t3_1huga3x,1736118329.0,:Ravens: Ravens,https://www.reddit.com/r/nfl/comments/1huga3x/game_thread_kansas_city_chiefs_151_at_denver/,0,active,7
m5lrhow,Tzazon,it almost was for a moment when KC was stranded at KCI due to the weather.,8,t1_m5lre56,1736118360.0,:Chiefs: Chiefs,https://www.reddit.com/r/nfl/comments/1huga3x/game_thread_kansas_city_chiefs_151_at_denver/,1,active,8
m5lrtmw,Goldencrane1217,KC scheduling their plane trip like me when I don't want to do something and are looking for any excuse to get out of it.,3,t1_m5lrhow,1736118468.0,:Ravens: Ravens,https://www.reddit.com/r/nfl/comments/1huga3x/game_thread_kansas_city_chiefs_151_at_denver/,1,active,9
m5lsb25,Brock_Lobstweiler,Can you imagine how salty Bengals fans would be if KC had to forfeit due to weather?,2,t1_m5lrhow,1736118625.0,:Broncos: Broncos,https://www.reddit.com/r/nfl/comments/1huga3x/game_thread_kansas_city_chiefs_151_at_denver/,1,active,10
m5lx9ut,Hofgoober69,This is an ego stroke game for Sean Payton,19,t3_1huga3x,1736120256.0,,https://www.reddit.com/r/nfl/comments/1huga3x/game_thread_kansas_city_chiefs_151_at_denver/,0,active,1
m5lxflz,Bronc27,Broncos fans you‚Äôve waited 8 years to see your team make the playoffs! Sucks for you here‚Äôs the raiders fighting for draft position,17,t3_1huga3x,1736120310.0,:Broncos: Broncos,https://www.reddit.com/r/nfl/comments/1huga3x/game_thread_kansas_city_chiefs_151_at_denver/,0,active,2
m5lxlb2,Brock_Lobstweiler,Time to sail the high seas,2,t1_m5lxflz,1736120364.0,:Broncos: Broncos,https://www.reddit.com/r/nfl/comments/1huga3x/game_thread_kansas_city_chiefs_151_at_denver/,1,active,3
m5lxkmn,TimAllensMatingCall,FUCK YES CBS!!!!,1,t1_m5lxflz,1736120357.0,:Raiders: Raiders,https://www.reddit.com/r/nfl/comments/1huga3x/game_thread_kansas_city_chiefs_151_at_denver/,1,active,4
m5lxjkm,Rhodie114,"Did CBS really decide ""fuck it, lets just switch game""?",18,t3_1huga3x,1736120347.0,:Eagles: Eagles,https://www.reddit.com/r/nfl/comments/1huga3x/game_thread_kansas_city_chiefs_151_at_denver/,0,active,5
m5m3v1a,justabrew,"ngl feel a little bad for the chiefs who played today. they probably spend all season saying 'if only i got a chance, id show them what im made of', and they find out they aren't made of much.",17,t3_1huga3x,1736122416.0,,https://www.reddit.com/r/nfl/comments/1huga3x/game_thread_kansas_city_chiefs_151_at_denver/,0,active,6
m5lo9rt,PlatinumChrysalis,This game was a good reminder of how things used to be.,16,t3_1huga3x,1736117353.0,:Chiefs: Chiefs,https://www.reddit.com/r/nfl/comments/1huga3x/game_thread_kansas_city_chiefs_151_at_denver/,0,active,7
m5loexi,Wernher_VonKerman,I agree.,3,t1_m5lo9rt,1736117397.0,:Broncos: Broncos :Ravens: Ravens,https://www.reddit.com/r/nfl/comments/1huga3x/game_thread_kansas_city_chiefs_151_at_denver/,1,active,8
m5lotl3,Different_Phrase8781,Yes same here. Broncos kicking the dick off the chiefs. The other two teams in our division just‚Ä¶being there stinking up the afc west,2,t1_m5lo9rt,1736117522.0,:Broncos: Broncos,https://www.reddit.com/r/nfl/comments/1huga3x/game_thread_kansas_city_chiefs_151_at_denver/,1,active,9
m5lsena,TheDeadMulroney,"I can see Denver upsetting Buffalo.

- Everyone in the league is familiar with the Bills, the Bills are not familiar with the Broncos
- Payton>>>>>McDermott as a coach, if the game is close, I bet on Payton

Would I put money on it? No. But I think it'll be a closer game than people think. Denver is not just gonna be fed to Buffalo.",16,t3_1huga3x,1736118658.0,,https://www.reddit.com/r/nfl/comments/1huga3x/game_thread_kansas_city_chiefs_151_at_denver/,0,active,10
m5lsljg,GaLaXY_N7,"We went up there last year and won. It‚Äôs not impossible, just highly improbable lol.",5,t1_m5lsena,1736118721.0,:Broncos: Broncos,https://www.reddit.com/r/nfl/comments/1huga3x/game_thread_kansas_city_chiefs_151_at_denver/,1,active,5
m5ltejz,DarkTrebleZero,"Denver could upset Buffalo, but because they don‚Äôt have ‚Äústars‚Äù everyone thinks they are overrated. I‚Äôm a Bills fan but realistic and the team this year can play anyone.",2,t1_m5lsena,1736118985.0,:Bills:Bills,https://www.reddit.com/r/nfl/comments/1huga3x/game_thread_kansas_city_chiefs_151_at_denver/,1,active,6
m5lskwl,Fatalmistake,"I honestly don't think we match up well against the bills, crazier things have happened though ü§∑",1,t1_m5lsena,1736118715.0,:Broncos: Broncos,https://www.reddit.com/r/nfl/comments/1huga3x/game_thread_kansas_city_chiefs_151_at_denver/,1,active,4
m5lt4gl,nickmdp,"I hear where you're coming from, but I put far more faith in Josh Allen than Bo Nix.",1,t1_m5lsena,1736118894.0,:Bills: Bills :Bills: Bills,https://www.reddit.com/r/nfl/comments/1huga3x/game_thread_kansas_city_chiefs_151_at_denver/,1,active,8
m5lsm53,ask0009,Not surprised we dog walked them on there turf last time. They aren‚Äôt that good,-1,t1_m5lsena,1736118726.0,:Bengals: Bengals :Chiefs: Chiefs,https://www.reddit.com/r/nfl/comments/1huga3x/game_thread_kansas_city_chiefs_151_at_denver/,1,active,3
m5lskba,No_Blacksmith_9923,The salt for KC/DEN III if Buffalo shits the bed will be heard nationwide.,14,t3_1huga3x,1736118710.0,:Chiefs: Chiefs,https://www.reddit.com/r/nfl/comments/1huga3x/game_thread_kansas_city_chiefs_151_at_denver/,0,active,7
m5luin1,Wernher_VonKerman,"I'm enjoying the three way knife fight between broncos, chiefs and bengals fans that's going on in this thread",17,t3_1huga3x,1736119349.0,:Broncos: Broncos :Ravens: Ravens,https://www.reddit.com/r/nfl/comments/1huga3x/game_thread_kansas_city_chiefs_151_at_denver/,0,active,2
m5luy39,SilentSamurai,Bengals have all their hopes in 2nd string Chiefs which is already a terrible place to be.,4,t1_m5luin1,1736119491.0,:Broncos: Broncos,https://www.reddit.com/r/nfl/comments/1huga3x/game_thread_kansas_city_chiefs_151_at_denver/,1,active,9
m5luol4,Obvious_Beautiful776,Bills and ravens fans are somewhere crying about an mvp award,2,t1_m5luin1,1736119404.0,:Steelers: Steelers,https://www.reddit.com/r/nfl/comments/1huga3x/game_thread_kansas_city_chiefs_151_at_denver/,1,active,
m5luue5,SeaSiSee,"You don't understand, Mahomes and Reid are suuuuupppppeeeerrrr spooked by the Bengals",3,t1_m5luin1,1736119457.0,:Ravens: Ravens,https://www.reddit.com/r/nfl/comments/1huga3x/game_thread_kansas_city_chiefs_151_at_denver/,1,active,
m5luth1,TILeverythingAMA,Chiefs brought their spoon instead,1,t1_m5luin1,1736119449.0,:Chiefs: Chiefs,https://www.reddit.com/r/nfl/comments/1huga3x/game_thread_kansas_city_chiefs_151_at_denver/,1,active,
m5lx076,Global-Side-5802,"I paid $4.99 for this game!!! Give it back, YouTube!",17,t3_1huga3x,1736120168.0,:Chiefs: Chiefs,https://www.reddit.com/r/nfl/comments/1huga3x/game_thread_kansas_city_chiefs_151_at_denver/,0,active,
m5lzbcb,rixybaby,"Im loving this game thread as a neutral, good to see Broncos back in the playoffs",15,t3_1huga3x,1736120926.0,:Lions:Lions,https://www.reddit.com/r/nfl/comments/1huga3x/game_thread_kansas_city_chiefs_151_at_denver/,0,active,
m5lzl6o,Brock_Lobstweiler,I have a feeling the Lions/Vikes thread isn't gonna be as fun.,4,t1_m5lzbcb,1736121016.0,:Broncos: Broncos,https://www.reddit.com/r/nfl/comments/1huga3x/game_thread_kansas_city_chiefs_151_at_denver/,1,active,
m5lzw4r,rixybaby,"It‚Äôll be weird because I‚Äôm personally just thrilled to be good, my first year watching was the year we went 0-16. I think it‚Äôll be an entertaining game",2,t1_m5lzl6o,1736121116.0,:Lions:Lions,https://www.reddit.com/r/nfl/comments/1huga3x/game_thread_kansas_city_chiefs_151_at_denver/,1,active,
m5m04ja,Brock_Lobstweiler,"I'm 100% rooting for Lions in the SB. Even if the Broncos get there somehow and it's Lions/Broncos, I'd be ok with a Lions win.",1,t1_m5lzw4r,1736121192.0,:Broncos: Broncos,https://www.reddit.com/r/nfl/comments/1huga3x/game_thread_kansas_city_chiefs_151_at_denver/,1,active,
m5m0kwo,rixybaby,That would be an electric game! Congrats on the szn!,2,t1_m5m04ja,1736121339.0,:Lions:Lions,https://www.reddit.com/r/nfl/comments/1huga3x/game_thread_kansas_city_chiefs_151_at_denver/,1,active,
m5m0x0a,Brock_Lobstweiler,"You too! Love watching Lions fans have fun. SMASH THE VIKES today, pls.",1,t1_m5m0kwo,1736121448.0,:Broncos: Broncos,https://www.reddit.com/r/nfl/comments/1huga3x/game_thread_kansas_city_chiefs_151_at_denver/,1,active,
m5lzovh,LameRedditName1,I'm ready to see the Lions vs Vikes game in a few hours. Good luck! Should be good.,3,t1_m5lzbcb,1736121049.0,:Broncos: Broncos,https://www.reddit.com/r/nfl/comments/1huga3x/game_thread_kansas_city_chiefs_151_at_denver/,1,active,
m5lzykl,rixybaby,Hopefully it‚Äôll entertain! Hit the over hard,1,t1_m5lzovh,1736121138.0,:Lions:Lions,https://www.reddit.com/r/nfl/comments/1huga3x/game_thread_kansas_city_chiefs_151_at_denver/,1,active,
m5lzduy,Rhodie114,Carson getting benched again is hilarious,16,t3_1huga3x,1736120949.0,:Eagles: Eagles,https://www.reddit.com/r/nfl/comments/1huga3x/game_thread_kansas_city_chiefs_151_at_denver/,0,active,
m5lzlks,Uncle_Benny15,I think Reid said they were going to give Oladokun some playing time at some point in this game earlier this week,6,t1_m5lzduy,1736121019.0,:Broncos: Broncos,https://www.reddit.com/r/nfl/comments/1huga3x/game_thread_kansas_city_chiefs_151_at_denver/,1,active,
m5lzh09,InertPistachio,How was this dude ever a good NFL QB?,-3,t1_m5lzduy,1736120978.0,:Panthers: Panthers,https://www.reddit.com/r/nfl/comments/1huga3x/game_thread_kansas_city_chiefs_151_at_denver/,1,active,
m5lzstm,Rhodie114,He used to not be brain damaged. You can thank Jadeveon Clowney for that,6,t1_m5lzh09,1736121085.0,:Eagles: Eagles,https://www.reddit.com/r/nfl/comments/1huga3x/game_thread_kansas_city_chiefs_151_at_denver/,1,active,
m5m2knf,InertPistachio,Is it really brain damage?  Honestly didn't know,1,t1_m5lzstm,1736121995.0,:Panthers: Panthers,https://www.reddit.com/r/nfl/comments/1huga3x/game_thread_kansas_city_chiefs_151_at_denver/,1,active,
m5lzk3h,Zekybrjik,Safe to say carson wentz did not revive his career with this one.,18,t3_1huga3x,1736121006.0,:Steelers: Steelers,https://www.reddit.com/r/nfl/comments/1huga3x/game_thread_kansas_city_chiefs_151_at_denver/,0,active,
m5m07ki,IA_Royalty,That man is a case study of lost confidence,3,t1_m5lzk3h,1736121219.0,:Broncos: Broncos,https://www.reddit.com/r/nfl/comments/1huga3x/game_thread_kansas_city_chiefs_151_at_denver/,1,active,
m5lzm6x,gbeezy007,"Everyone before the game. ""The chiefs aren't going to intentionally lose"". 15-1 team losing 38-0 and it's not over yet.",15,t3_1huga3x,1736121025.0,:Jets: Jets,https://www.reddit.com/r/nfl/comments/1huga3x/game_thread_kansas_city_chiefs_151_at_denver/,0,active,
m5m088g,FoRtNiteizBAD,Chiefs did not want the bengals in the playoffs goddamn.,0,t1_m5lzm6x,1736121225.0,:Bears: Bears,https://www.reddit.com/r/nfl/comments/1huga3x/game_thread_kansas_city_chiefs_151_at_denver/,1,active,
m5m23r7,Acrobatic_Diver_3923,Facts.,-1,t1_m5m088g,1736121842.0,:Bengals: Bengals,https://www.reddit.com/r/nfl/comments/1huga3x/game_thread_kansas_city_chiefs_151_at_denver/,1,active,
m5m0ogh,dbgager,90% completion percentage for a a game is a Broncos team record. Gratz Bo.,16,t3_1huga3x,1736121371.0,:Broncos: Broncos,https://www.reddit.com/r/nfl/comments/1huga3x/game_thread_kansas_city_chiefs_151_at_denver/,0,active,1
m5m1b83,gobroncos47,"Not correct. That bum Nix could only muster 89.65%.

Why is this guy on our roster?",1,t1_m5m0ogh,1736121577.0,:Broncos: Broncos,https://www.reddit.com/r/nfl/comments/1huga3x/game_thread_kansas_city_chiefs_151_at_denver/,1,active,3
m5llot7,bowl_of_scrotmeal,What's Butker going to rant about after missing that kick?,16,t3_1huga3x,1736116566.0,:Steelers: Steelers,https://www.reddit.com/r/nfl/comments/1huga3x/game_thread_kansas_city_chiefs_151_at_denver/,0,active,5
m5llsgr,Longjumping_Zone_400,.,6,t1_m5llot7,1736116596.0,,https://www.reddit.com/r/nfl/comments/1huga3x/game_thread_kansas_city_chiefs_151_at_denver/,1,active,7
m5llw91,siguel_manchez,Something misogynistic no doubt.,6,t1_m5llot7,1736116629.0,:Broncos: Broncos,https://www.reddit.com/r/nfl/comments/1huga3x/game_thread_kansas_city_chiefs_151_at_denver/,1,active,9
m5llr1f,unloader86,"I know it's their backups, but a shutout would be cathartic as fuck. Especially after that blocked FG for the dub earlier in the season.",15,t3_1huga3x,1736116585.0,:Broncos: Broncos,https://www.reddit.com/r/nfl/comments/1huga3x/game_thread_kansas_city_chiefs_151_at_denver/,0,active,2
m5lmd9q,Ixpqd2,"you know what? if yall are gonna win anyway, im ok with that",1,t1_m5llr1f,1736116772.0,:Bengals: Bengals,https://www.reddit.com/r/nfl/comments/1huga3x/game_thread_kansas_city_chiefs_151_at_denver/,1,active,8
m5lmahz,Darkshynes,whatever makes you feel better.,-1,t1_m5llr1f,1736116749.0,:Chiefs: Chiefs,https://www.reddit.com/r/nfl/comments/1huga3x/game_thread_kansas_city_chiefs_151_at_denver/,1,active,6
m5lngxl,unloader86,lol,0,t1_m5lmahz,1736117107.0,:Broncos: Broncos,https://www.reddit.com/r/nfl/comments/1huga3x/game_thread_kansas_city_chiefs_151_at_denver/,1,active,4
m5lnmao,zuluTime,Every unused timeout is redeemable for free tokens at Chuck E Cheese after the game,15,t3_1huga3x,1736117152.0,:Broncos: Broncos,https://www.reddit.com/r/nfl/comments/1huga3x/game_thread_kansas_city_chiefs_151_at_denver/,0,active,10
m5lnz24,Flamearrow051,*Employees only,1,t1_m5lnmao,1736117261.0,:Chiefs: Chiefs,https://www.reddit.com/r/nfl/comments/1huga3x/game_thread_kansas_city_chiefs_151_at_denver/,1,active,4
m5lon8j,Jolly-Yam-2295,"Only one QB could‚Äôve pull the chiefs out of this mess, it‚Äôs just too bad Dontari Poe isn‚Äôt on the roster anymore.",15,t3_1huga3x,1736117468.0,:Chiefs: Chiefs,https://www.reddit.com/r/nfl/comments/1huga3x/game_thread_kansas_city_chiefs_151_at_denver/,0,active,7
m5lpfuw,Say_Hennething,Bronco killer Dontari Poe,3,t1_m5lon8j,1736117713.0,:Chiefs: Chiefs,https://www.reddit.com/r/nfl/comments/1huga3x/game_thread_kansas_city_chiefs_151_at_denver/,1,active,3
m5lq9u4,Grandma_Swamp,He haunts my nightmares,2,t1_m5lpfuw,1736117971.0,:Broncos: Broncos,https://www.reddit.com/r/nfl/comments/1huga3x/game_thread_kansas_city_chiefs_151_at_denver/,1,active,5
m5lr13f,FeelinPhoggy,I can't fathom how Wentz is playing so poorly with the 1-2 punch of Justin Watson and Nikko Remigio,15,t3_1huga3x,1736118212.0,:Chiefs: Chiefs,https://www.reddit.com/r/nfl/comments/1huga3x/game_thread_kansas_city_chiefs_151_at_denver/,0,active,9
m5lr6il,HardlyHefty,"wish the broncos would just these uniforms always; if broncos-bucs make super bowl, should be both in throwbacks üî•",15,t3_1huga3x,1736118261.0,:Steelers: Steelers,https://www.reddit.com/r/nfl/comments/1huga3x/game_thread_kansas_city_chiefs_151_at_denver/,0,active,2
m5lwp1d,Burger-King-Sucks,CBS changing my game lmao,16,t3_1huga3x,1736120066.0,:NFL: NFL,https://www.reddit.com/r/nfl/comments/1huga3x/game_thread_kansas_city_chiefs_151_at_denver/,0,active,8
m5lwp5v,SCsprinter13,"I don't WANT to watch a more competitive matchup, I WANT to watch the Broncos",15,t3_1huga3x,1736120067.0,:Broncos: Broncos,https://www.reddit.com/r/nfl/comments/1huga3x/game_thread_kansas_city_chiefs_151_at_denver/,0,active,10
m5lwve5,Los_Estupidos,"CBS really should give viewers the option to either keep watching the game they actually tuned in to watch or watch another game when it gets out of hand. 
 
 
That was some hoe ass shit, CBS.",15,t3_1huga3x,1736120124.0,:Broncos: Broncos,https://www.reddit.com/r/nfl/comments/1huga3x/game_thread_kansas_city_chiefs_151_at_denver/,0,active,6
m5lx5uk,confusedthrowaway5o5,"To be fair, how would that even work?",2,t1_m5lwve5,1736120220.0,:Eagles: Eagles :Ravens: Ravens,https://www.reddit.com/r/nfl/comments/1huga3x/game_thread_kansas_city_chiefs_151_at_denver/,1,active,1
m5lxcbc,Los_Estupidos,Idk man but this is the 20s. I'm watching on YouTubeTV. We have the technology.,2,t1_m5lx5uk,1736120279.0,:Broncos: Broncos,https://www.reddit.com/r/nfl/comments/1huga3x/game_thread_kansas_city_chiefs_151_at_denver/,1,active,1
m5lxk9i,confusedthrowaway5o5,It‚Äôs not a matter of technology though.,1,t1_m5lxcbc,1736120353.0,:Eagles: Eagles :Ravens: Ravens,https://www.reddit.com/r/nfl/comments/1huga3x/game_thread_kansas_city_chiefs_151_at_denver/,1,active,2
m5lwztb,tnick771,So... did the NFL really just decide that I'm not going to watch the game tonight? tf? lol,16,t3_1huga3x,1736120165.0,:Broncos: Broncos,https://www.reddit.com/r/nfl/comments/1huga3x/game_thread_kansas_city_chiefs_151_at_denver/,0,active,4
m5lyv3y,RogueSpectre749,Hey guys... I'm starting to think we might make playoffs this season?,13,t3_1huga3x,1736120779.0,:Broncos: Broncos,https://www.reddit.com/r/nfl/comments/1huga3x/game_thread_kansas_city_chiefs_151_at_denver/,0,active,3
m5lzgj1,lunariki,At this rate the Chiefs are going to finish 15-2 with a negative point differential.,14,t3_1huga3x,1736120973.0,,https://www.reddit.com/r/nfl/comments/1huga3x/game_thread_kansas_city_chiefs_151_at_denver/,0,active,5
m5lzm9f,TankThaFrank_,Do it for the memes,6,t1_m5lzgj1,1736121026.0,:Chiefs: Chiefs ,https://www.reddit.com/r/nfl/comments/1huga3x/game_thread_kansas_city_chiefs_151_at_denver/,1,active,6
m5lzhu8,806god,I know we‚Äôre beating up on the chiefs B team but I really hope this builds some confidence for the squad and they go into buffalo hot and loose. We need to go into Buffalo and punch them right in the mouth. Can‚Äôt ease into that game.,16,t3_1huga3x,1736120985.0,:Broncos: Broncos,https://www.reddit.com/r/nfl/comments/1huga3x/game_thread_kansas_city_chiefs_151_at_denver/,0,active,7
m5lzl4k,BobBBobbington,My hottest take is they win in Buffalo then get demolished in the divisional round.,10,t1_m5lzhu8,1736121015.0,:Broncos: Broncos,https://www.reddit.com/r/nfl/comments/1huga3x/game_thread_kansas_city_chiefs_151_at_denver/,1,active,8
m5lznwe,806god,I BOLIEVE BROTHER.,4,t1_m5lzl4k,1736121040.0,:Broncos: Broncos,https://www.reddit.com/r/nfl/comments/1huga3x/game_thread_kansas_city_chiefs_151_at_denver/,2,active,9
m5m02wf,Fatalmistake,They would play KC if they win against the bills,1,t1_m5lzl4k,1736121177.0,:Broncos: Broncos,https://www.reddit.com/r/nfl/comments/1huga3x/game_thread_kansas_city_chiefs_151_at_denver/,2,active,10
m5m0b31,Los_Estupidos,We'd face KC in the divisional. Please don't say that.,1,t1_m5lzl4k,1736121251.0,:Broncos: Broncos,https://www.reddit.com/r/nfl/comments/1huga3x/game_thread_kansas_city_chiefs_151_at_denver/,2,active,2
m5m061o,LameRedditName1,"Sticking to the run will help, along with Bo's confidence being back. I think it'll be a hell of a game if we see the Bills.",1,t1_m5lzhu8,1736121205.0,:Broncos: Broncos,https://www.reddit.com/r/nfl/comments/1huga3x/game_thread_kansas_city_chiefs_151_at_denver/,1,active,4
m5lzu6g,EntertainmentGlad584,Honestly cool for Romo for trying to focus on the new QB getting his first reps rather than talk about Buffalo right now,17,t3_1huga3x,1736121097.0,:Broncos: Broncos,https://www.reddit.com/r/nfl/comments/1huga3x/game_thread_kansas_city_chiefs_151_at_denver/,0,active,3
m5l8k0j,VegetableSupport3,Yeah we 100% not making it lol.,16,t3_1huga3x,1736112635.0,:Bengals: Bengals,https://www.reddit.com/r/nfl/comments/1huga3x/game_thread_kansas_city_chiefs_151_at_denver/,0,active,1
m5ldyr3,DillyDillySzn,"CBS trying to get football fans to watch the Golden Globes instead of the Lions Vikings tonight 

Cute",15,t3_1huga3x,1736114227.0,:Bears: Bears,https://www.reddit.com/r/nfl/comments/1huga3x/game_thread_kansas_city_chiefs_151_at_denver/,0,active,5
m5le9by,Content-Assistant849,I am so amped for that game!,3,t1_m5ldyr3,1736114315.0,:Broncos: Broncos,https://www.reddit.com/r/nfl/comments/1huga3x/game_thread_kansas_city_chiefs_151_at_denver/,1,active,1
m5lezgg,Brock_Lobstweiler,"Hahaha, the NFL smashes award shows on normal nights. A divisional game to decide the #1 seed between the Lions/Vikes? 

Golden Globes are going to have a 0 share of viewership.",1,t1_m5ldyr3,1736114531.0,:Broncos: Broncos,https://www.reddit.com/r/nfl/comments/1huga3x/game_thread_kansas_city_chiefs_151_at_denver/,1,active,1
m5lh7iy,MoldyPoldy,Yeah but Nikki Glaser.,1,t1_m5ldyr3,1736115206.0,:Broncos: Broncos,https://www.reddit.com/r/nfl/comments/1huga3x/game_thread_kansas_city_chiefs_151_at_denver/,1,active,6
m5lhdvg,DillyDillySzn,She‚Äôs not Ricky Gervais,1,t1_m5lh7iy,1736115260.0,:Bears: Bears,https://www.reddit.com/r/nfl/comments/1huga3x/game_thread_kansas_city_chiefs_151_at_denver/,1,active,7
m5lii3h,Skeptical_Yoshi,Imagine your playoff hopes basically dying to a play like that. Sorry Cincy...,14,t3_1huga3x,1736115602.0,:Seahawks: Seahawks,https://www.reddit.com/r/nfl/comments/1huga3x/game_thread_kansas_city_chiefs_151_at_denver/,0,active,8
m5lvb38,Snlxdd,Bo needs 2 more TDs to tie the rookie record. Just sayin‚Äô,13,t3_1huga3x,1736119610.0,:Broncos: Broncos,https://www.reddit.com/r/nfl/comments/1huga3x/game_thread_kansas_city_chiefs_151_at_denver/,0,active,
m5lvinx,DirkWithTheFade,Prolly getting pulled,3,t1_m5lvb38,1736119678.0,:Broncos: Broncos,https://www.reddit.com/r/nfl/comments/1huga3x/game_thread_kansas_city_chiefs_151_at_denver/,1,active,
m5lvg1p,Brock_Lobstweiler,I BOLIEVE,2,t1_m5lvb38,1736119655.0,:Broncos: Broncos,https://www.reddit.com/r/nfl/comments/1huga3x/game_thread_kansas_city_chiefs_151_at_denver/,1,active,
m5lx2zr,AutographedSnorkel,"Holy crap, did they actually switch this game in Denver?  That's messed up",12,t3_1huga3x,1736120194.0,,https://www.reddit.com/r/nfl/comments/1huga3x/game_thread_kansas_city_chiefs_151_at_denver/,0,active,
m5lx6gc,Grandma_Swamp,I still have it in market so it must be out of market people,7,t1_m5lx2zr,1736120225.0,:Broncos: Broncos,https://www.reddit.com/r/nfl/comments/1huga3x/game_thread_kansas_city_chiefs_151_at_denver/,1,active,
m5lxdy2,CaffeineJunkee,Not in Denver. If you‚Äôre local it stays on.,2,t1_m5lx2zr,1736120295.0,:Broncos: Broncos,https://www.reddit.com/r/nfl/comments/1huga3x/game_thread_kansas_city_chiefs_151_at_denver/,1,active,
m5lxl7u,AutographedSnorkel,OK.  There were multiple Broncos flairs complaining.,1,t1_m5lxdy2,1736120363.0,,https://www.reddit.com/r/nfl/comments/1huga3x/game_thread_kansas_city_chiefs_151_at_denver/,1,active,
m5ly228,CaffeineJunkee,Ah yeah gotcha. Must be out of town fans.,1,t1_m5lxl7u,1736120517.0,:Broncos: Broncos,https://www.reddit.com/r/nfl/comments/1huga3x/game_thread_kansas_city_chiefs_151_at_denver/,1,active,
m5lxiuh,UndeadVinDiesel,The players that were being rested could have just stayed in KC and played in the snow with their kids.,14,t3_1huga3x,1736120340.0,:Chiefs: Chiefs :Eagles: Eagles,https://www.reddit.com/r/nfl/comments/1huga3x/game_thread_kansas_city_chiefs_151_at_denver/,0,active,
m5lxy9n,EntertainmentGlad584,Surprised Mahomes even got on the plane.,2,t1_m5lxiuh,1736120482.0,:Broncos: Broncos,https://www.reddit.com/r/nfl/comments/1huga3x/game_thread_kansas_city_chiefs_151_at_denver/,1,active,
